displacement,heading_change
4.182693006327393714e-01,-1.470203909285159760e+00
1.423964440057823300e-01,-1.205648309950961172e+00
3.815729693593098437e-01,-1.572960790129123987e-01
3.529610919804219704e-01,5.268298491900028635e-01
3.604224363741363457e-01,9.529956656276947768e-01
2.696984116739429838e-01,1.862694361932486053e+00
3.870595016190501725e-01,2.499167812176283032e+00
4.445335935377990877e-01,3.078922703158545993e+00
3.388693055336021165e-01,-2.148834214383979813e+00
